year,month,temp_ave,temp_max,temp_min,precip,date_dec
1938,6,27.51,33.3,21.72,76.9,1938.4166666666667
1938,7,28.87,35.1,22.64,50.8,1938.5
1938,8,29.07,35.72,22.42,23.6,1938.5833333333333
1938,9,26.01,33.04,18.97,60.6,1938.6666666666667
1938,10,22.81,30.57,15.05,11.2,1938.75
1938,11,13.53,20.83,6.24,22.1,1938.8333333333333
1938,12,11.6,17.95,5.25,42.8,1938.9166666666667
1939,1,11.28,17.42,5.15,70.4,1939
1939,2,11.13,18.95,3.32,28.6,1939.0833333333333
1939,3,17.18,24.28,10.07,17,1939.1666666666667
1939,4,20.13,27.66,12.6,57.5,1939.25
1939,5,25.2,31.81,18.6,34.3,1939.3333333333333
1939,6,27.92,34.41,21.43,27.6,1939.4166666666667
1939,7,29.27,36,22.54,139.2,1939.5
1939,8,28.19,34.8,21.58,77.5,1939.5833333333333
1939,9,27.1,34.29,19.91,25.4,1939.6666666666667
1939,10,22.13,29.05,15.21,44.9,1939.75
1939,11,13.25,19.04,7.46,57.5,1939.8333333333333
1939,12,12.46,20.02,4.91,19.8,1939.9166666666667
1940,1,4.1,10.52,-2.32,18.6,1940
1940,2,11.02,17.71,4.33,94,1940.0833333333333
1940,3,15.89,22.84,8.95,31,1940.1666666666667
1940,4,18.54,25.32,11.75,148.7,1940.25
1940,5,23.02,30.04,16,26.7,1940.3333333333333
1940,6,25.39,31.34,19.45,195.3,1940.4166666666667
1940,7,27.53,33.58,21.49,31,1940.5
1940,8,28.41,35.23,21.59,32.5,1940.5833333333333
1940,9,24.92,31.98,17.86,63.8,1940.6666666666667
1940,10,21.28,28.39,14.18,79.1,1940.75
1940,11,13.72,19.05,8.39,130.4,1940.8333333333333
1940,12,11.85,16.95,6.75,138.7,1940.9166666666667
1941,1,11.72,17.05,6.4,39.4,1941
1941,2,10.14,15.08,5.2,76.2,1941.0833333333333
1941,3,12.46,18.08,6.84,115.6,1941.1666666666667
1941,4,19.23,23.92,14.54,135.5,1941.25
1941,5,23.96,29.12,18.81,88.8,1941.3333333333333
1941,6,26.39,31.37,21.4,282.2,1941.4166666666667
1941,7,28.07,33.79,22.35,105.9,1941.5
1941,8,29.2,35.73,22.67,1.8,1941.5833333333333
1941,9,27.28,33.3,21.26,47.9,1941.6666666666667
1941,10,23.4,28.15,18.65,171.5,1941.75
1941,11,14.09,21.01,7.17,29.3,1941.8333333333333
1941,12,11.98,17.29,6.67,59.4,1941.9166666666667
1942,1,9,15.88,2.11,0.3,1942
1942,2,10.87,16.25,5.49,36.5,1942.0833333333333
1942,3,15.37,22.95,7.78,13.2,1942.1666666666667
1942,4,19.57,25.01,14.13,131.9,1942.25
1942,5,23.23,28.45,18.01,64,1942.3333333333333
1942,6,27.86,34.39,21.33,29.4,1942.4166666666667
1942,7,27.59,33.46,21.73,62.4,1942.5
1942,8,28.17,33.78,22.56,55,1942.5833333333333
1942,9,23.68,29.33,18.03,205.8,1942.6666666666667
1942,10,20.03,25.74,14.32,130.8,1942.75
1942,11,17.13,23.18,11.08,50.3,1942.8333333333333
1942,12,11.95,18.5,5.41,38.8,1942.9166666666667
1943,1,9.66,16.01,3.32,20.4,1943
1943,2,14.25,21.15,7.35,11.5,1943.0833333333333
1943,3,13.26,19.74,6.78,64.6,1943.1666666666667
1943,4,21.48,27.52,15.43,68.1,1943.25
1943,5,24.46,30.44,18.48,136.6,1943.3333333333333
1943,6,27.28,32.42,22.13,32.4,1943.4166666666667
1943,7,28.75,34.44,23.06,99.4,1943.5
1943,8,29.75,36.15,23.36,23.4,1943.5833333333333
1943,9,24.68,30.43,18.93,84.2,1943.6666666666667
1943,10,20.17,26.11,14.22,8.3,1943.75
1943,11,13.71,20.22,7.2,43.9,1943.8333333333333
1943,12,9.56,15.15,3.98,36.2,1943.9166666666667
1944,1,9.1,14.28,3.91,137,1944
1944,2,13.24,17.62,8.85,98.8,1944.0833333333333
1944,3,14.73,20.37,9.08,46.6,1944.1666666666667
1944,4,19.73,26.09,13.36,8.5,1944.25
1944,5,22.09,27.41,16.77,235.1,1944.3333333333333
1944,6,27.25,32.42,22.08,51,1944.4166666666667
1944,7,29.11,35.57,22.65,8.2,1944.5
1944,8,29.09,34.93,23.25,113.5,1944.5833333333333
1944,9,25.32,31.26,19.39,118.4,1944.6666666666667
1944,10,20.72,28.03,13.4,8.9,1944.75
1944,11,15.43,20.8,10.07,115.6,1944.8333333333333
1944,12,8.91,14.07,3.75,150.2,1944.9166666666667
1945,1,10.44,15.81,5.07,71.9,1945
1945,2,12.71,18.14,7.28,100,1945.0833333333333
1945,3,18.76,24.16,13.36,126.5,1945.1666666666667
1945,4,18.89,24.44,13.33,104.6,1945.25
1945,5,23.5,29.79,17.21,44.6,1945.3333333333333
1945,6,27.44,32.85,22.03,144.5,1945.4166666666667
1945,7,28.3,33.53,23.06,41,1945.5
1945,8,28.69,34.56,22.83,146.8,1945.5833333333333
1945,9,26,32.28,19.72,70.1,1945.6666666666667
1945,10,19.42,25.67,13.17,76.2,1945.75
1945,11,17.35,23.8,10.9,37.4,1945.8333333333333
1945,12,9.9,15.7,4.1,74.7,1945.9166666666667
1946,1,9.25,14.38,4.12,95.5,1946
1946,2,12.76,19.09,6.44,58.1,1946.0833333333333
1946,3,16.82,23.65,10,70.4,1946.1666666666667
1946,4,21.02,26.62,15.42,201.2,1946.25
1946,5,23.64,28.56,18.71,155.8,1946.3333333333333
1946,6,26.19,31.23,21.14,34.1,1946.4166666666667
1946,7,28.8,35.02,22.58,37.6,1946.5
1946,8,28.47,34.42,22.52,85.3,1946.5833333333333
1946,9,24.92,28.95,20.88,152.4,1946.6666666666667
1946,10,21.54,26.81,16.26,41.5,1946.75
1946,11,15.04,20.2,9.87,201,1946.8333333333333
1946,12,12.73,18.38,7.07,68.8,1946.9166666666667
1947,1,8.89,13.8,3.98,92,1947
1947,2,8.33,14.46,2.2,10.9,1947.0833333333333
1947,3,12.63,18.71,6.54,83.3,1947.1666666666667
1947,4,18.94,24.2,13.67,56.8,1947.25
1947,5,23.35,29.07,17.63,90.3,1947.3333333333333
1947,6,28.15,33.61,22.7,2.8,1947.4166666666667
1947,7,28.93,35.42,22.45,55.3,1947.5
1947,8,28.5,34.35,22.65,53.9,1947.5833333333333
1947,9,26.51,33.05,19.96,1.8,1947.6666666666667
1947,10,24.57,31.35,17.8,0.5,1947.75
1947,11,13.54,19.76,7.32,52.7,1947.8333333333333
1947,12,11.55,17.29,5.81,47.9,1947.9166666666667
1948,1,6.21,12.15,0.27,23.5,1948
1948,2,10.41,15.63,5.18,69,1948.0833333333333
1948,3,14.48,20.88,8.09,34.4,1948.1666666666667
1948,4,22.03,29.38,14.67,42.7,1948.25
1948,5,24.59,30.73,18.45,113.9,1948.3333333333333
1948,6,28.81,35.12,22.5,31.8,1948.4166666666667
1948,7,29.38,35.46,23.3,58.2,1948.5
1948,8,29.89,36.82,22.95,6.8,1948.5833333333333
1948,9,25.74,31.96,19.52,31.6,1948.6666666666667
1948,10,21.05,27.96,14.14,45.3,1948.75
1948,11,14.6,21.45,7.74,34.2,1948.8333333333333
1948,12,13.03,19.52,6.54,42.4,1948.9166666666667
1949,1,7.28,12.55,2.01,101,1949
1949,2,12.95,18,7.91,59.7,1949.0833333333333
1949,3,15.85,22.13,9.56,56.9,1949.1666666666667
1949,4,17.51,23.13,11.89,175.5,1949.25
1949,5,25.34,30.77,19.91,21.1,1949.3333333333333
1949,6,27.24,33.19,21.28,89.5,1949.4166666666667
1949,7,28.8,34.7,22.91,49.5,1949.5
1949,8,28.08,34.74,21.42,60.2,1949.5833333333333
1949,9,26.36,32.46,20.27,95.7,1949.6666666666667
1949,10,20.91,26.44,15.39,111.3,1949.75
1949,11,16.99,25.17,8.81,0.3,1949.8333333333333
1949,12,12.32,17.36,7.27,102.7,1949.9166666666667
1950,1,13.17,17.99,8.35,19.1,1950
1950,2,13.51,19.05,7.98,96.4,1950.0833333333333
1950,3,15.03,21.7,8.37,20.3,1950.1666666666667
1950,4,18.89,24.2,13.58,192.8,1950.25
1950,5,24.54,29.66,19.42,106.4,1950.3333333333333
1950,6,26.82,32.1,21.54,50.3,1950.4166666666667
1950,7,28.76,34.56,22.97,18.6,1950.5
1950,8,28.55,35.14,21.95,15,1950.5833333333333
1950,9,25.85,31.57,20.13,121.2,1950.6666666666667
1950,10,23.09,30.36,15.81,15,1950.75
1950,11,15.52,22.95,8.08,0.8,1950.8333333333333
1950,12,11.5,19.01,3.99,0,1950.9166666666667
1951,1,10.45,17.84,3.05,13,1951
1951,2,12.4,18.99,5.82,75.2,1951.0833333333333
1951,3,16.56,23.3,9.82,94.8,1951.1666666666667
1951,4,19.66,26.55,12.78,26.4,1951.25
1951,5,23.83,29.82,17.84,89.3,1951.3333333333333
1951,6,27.68,32.89,22.46,157.2,1951.4166666666667
1951,7,30.45,36.65,24.24,4.8,1951.5
1951,8,30.89,37.82,23.96,52.5,1951.5833333333333
1951,9,26.24,32.02,20.46,164.1,1951.6666666666667
1951,10,21.96,28.55,15.38,23.7,1951.75
1951,11,13.8,19.93,7.67,26.9,1951.8333333333333
1951,12,12.2,19.12,5.28,8.7,1951.9166666666667
1952,1,15.05,21.09,9,6.5,1952
1952,2,14.49,21.12,7.85,44.1,1952.0833333333333
1952,3,14.9,21.17,8.64,57.2,1952.1666666666667
1952,4,17.96,24.28,11.64,129,1952.25
1952,5,22.63,28.93,16.32,103.2,1952.3333333333333
1952,6,27.53,33.05,22.01,47.8,1952.4166666666667
1952,7,28.73,34.88,22.58,17.6,1952.5
1952,8,30.56,37.65,23.47,0,1952.5833333333333
1952,9,25.51,32.22,18.8,82.8,1952.6666666666667
1952,10,18.46,26.82,10.09,0,1952.75
1952,11,14.07,19.34,8.8,136.2,1952.8333333333333
1952,12,10.2,15.67,4.73,80.1,1952.9166666666667
1953,1,13.45,20.98,5.91,16,1953
1953,2,11.95,18.06,5.83,33.8,1953.0833333333333
1953,3,18.92,24.66,13.19,44,1953.1666666666667
1953,4,19.07,25.82,12.32,119.2,1953.25
1953,5,23.77,29.51,18.04,47.8,1953.3333333333333
1953,6,29.34,35.94,22.73,40.4,1953.4166666666667
1953,7,29.48,35.46,23.49,13,1953.5
1953,8,29.03,35.12,22.94,53.4,1953.5833333333333
1953,9,25.83,33.27,18.38,75.7,1953.6666666666667
1953,10,21.6,27.62,15.59,167,1953.75
1953,11,14.03,20.25,7.8,9.8,1953.8333333333333
1953,12,9.19,14.95,3.44,134.4,1953.9166666666667
1954,1,11.05,16.86,5.25,25.9,1954
1954,2,15.24,23.1,7.38,7.2,1954.0833333333333
1954,3,15.18,21.88,8.48,6.9,1954.1666666666667
1954,4,22.45,28.15,16.74,42.3,1954.25
1954,5,23,28.78,17.21,72.7,1954.3333333333333
1954,6,28.62,34.78,22.46,17.3,1954.4166666666667
1954,7,30.48,37.08,23.88,21.6,1954.5
1954,8,30.32,37.03,23.61,28.9,1954.5833333333333
1954,9,28.02,34.81,21.22,20.9,1954.6666666666667
1954,10,22.64,29.15,16.13,22.6,1954.75
1954,11,15.49,22.35,8.64,8.9,1954.8333333333333
1954,12,13.6,20.62,6.58,15.6,1954.9166666666667
1955,1,10.85,16.45,5.25,47.7,1955
1955,2,12.08,17.7,6.46,107.2,1955.0833333333333
1955,3,16.87,23.49,10.25,21.1,1955.1666666666667
1955,4,22.68,28.87,16.49,19.1,1955.25
1955,5,25.55,31.72,19.37,113.9,1955.3333333333333
1955,6,26.46,32.68,20.24,66.4,1955.4166666666667
1955,7,29.34,35.49,23.19,51.4,1955.5
1955,8,29.13,35.15,23.12,48.8,1955.5833333333333
1955,9,27.85,33.88,21.81,33.8,1955.6666666666667
1955,10,21.86,29.46,14.27,2.3,1955.75
1955,11,15.09,21.32,8.86,35.6,1955.8333333333333
1955,12,11.38,18.14,4.61,25.7,1955.9166666666667
1956,1,10.45,16.18,4.72,41.9,1956
1956,2,13.21,19.71,6.7,44.2,1956.0833333333333
1956,3,16.55,23.76,9.34,6.6,1956.1666666666667
1956,4,20.58,27.23,13.93,14.3,1956.25
1956,5,25.9,32.26,19.55,79.4,1956.3333333333333
1956,6,29.08,35.58,22.59,24,1956.4166666666667
1956,7,30.5,37.42,23.58,2.8,1956.5
1956,8,29.92,36.63,23.21,30.7,1956.5833333333333
1956,9,27.61,34.79,20.43,2.3,1956.6666666666667
1956,10,23.16,30.32,16,21.4,1956.75
1956,11,14.01,20.48,7.54,54.1,1956.8333333333333
1956,12,13.65,20.05,7.25,70,1956.9166666666667
1957,1,10.28,14.95,5.62,14.2,1957
1957,2,16.07,20.96,11.19,79.8,1957.0833333333333
1957,3,15.27,20.96,9.58,116.5,1957.1666666666667
1957,4,18.88,23.87,13.89,252.3,1957.25
1957,5,23.05,27.65,18.44,187.5,1957.3333333333333
1957,6,27.16,32.18,22.15,133.4,1957.4166666666667
1957,7,30.17,36.69,23.65,27.9,1957.5
1957,8,30,36.64,23.36,0,1957.5833333333333
1957,9,25,31.11,18.89,163.4,1957.6666666666667
1957,10,18.48,23.87,13.09,223.2,1957.75
1957,11,13.28,18.34,8.22,75,1957.8333333333333
1957,12,13.46,19.58,7.34,30.5,1957.9166666666667
1958,1,9.23,15.24,3.21,78.6,1958
1958,2,9.3,13.89,4.72,162.4,1958.0833333333333
1958,3,12.52,17.99,7.05,64.9,1958.1666666666667
1958,4,19.05,24.63,13.47,107.7,1958.25
1958,5,24.41,30.46,18.37,93.3,1958.3333333333333
1958,6,28.42,34.21,22.64,73.5,1958.4166666666667
1958,7,29.5,35.51,23.49,86.9,1958.5
1958,8,29.9,36.63,23.16,17.3,1958.5833333333333
1958,9,26.36,31.15,21.57,175,1958.6666666666667
1958,10,19.67,23.97,15.37,131.6,1958.75
1958,11,15.91,21.76,10.07,22.1,1958.8333333333333
1958,12,9.15,15.15,3.14,29.2,1958.9166666666667
1959,1,8.75,14.41,3.08,10.6,1959
1959,2,11.58,16.49,6.67,58.6,1959.0833333333333
1959,3,15.5,22.62,8.38,5.9,1959.1666666666667
1959,4,18.34,23.64,13.03,110.6,1959.25
1959,5,25.06,30.45,19.66,42.3,1959.3333333333333
1959,6,28.11,33.87,22.34,83.8,1959.4166666666667
1959,7,28.97,35.01,22.92,88.7,1959.5
1959,8,28.59,34.28,22.9,122,1959.5833333333333
1959,9,26.7,32.06,21.33,111,1959.6666666666667
1959,10,20.83,26.95,14.72,151.9,1959.75
1959,11,11.22,18.04,4.39,49.8,1959.8333333333333
1959,12,12.01,17.31,6.71,53.8,1959.9166666666667
1960,1,9.62,14.25,4.99,26.2,1960
1960,2,8.82,14.52,3.12,60.1,1960.0833333333333
1960,3,12.4,17.67,7.12,34.8,1960.1666666666667
1960,4,20.94,26.58,15.3,25.6,1960.25
1960,5,23.05,28.73,17.37,20.6,1960.3333333333333
1960,6,28.52,34.7,22.35,108.3,1960.4166666666667
1960,7,29.22,34.87,23.57,61.2,1960.5
1960,8,28.47,33.32,23.62,66.1,1960.5833333333333
1960,9,26.29,32.62,19.96,42.7,1960.6666666666667
1960,10,21.94,27.28,16.61,312.8,1960.75
1960,11,15.91,20.76,11.07,48.3,1960.8333333333333
1960,12,9.18,13.97,4.39,103.7,1960.9166666666667
1961,1,7.79,13.22,2.35,32.3,1961
1961,2,12.65,18.83,6.47,123.3,1961.0833333333333
1961,3,17.61,23.48,11.74,17,1961.1666666666667
1961,4,19.74,26.57,12.9,2.6,1961.25
1961,5,24.62,30.74,18.51,26.2,1961.3333333333333
1961,6,26.41,31.62,21.2,290.2,1961.4166666666667
1961,7,27.54,32.75,22.33,213.3,1961.5
1961,8,27.61,33.58,21.65,10.1,1961.5833333333333
1961,9,25.68,30.96,20.4,93.5,1961.6666666666667
1961,10,20.99,26.8,15.18,23.2,1961.75
1961,11,13.59,18.82,8.35,71.6,1961.8333333333333
1961,12,11.21,16.54,5.88,23.2,1961.9166666666667
1962,1,7.48,14.03,0.93,14.3,1962
1962,2,15.75,22.49,9.01,16,1962.0833333333333
1962,3,14.36,20.68,8.04,30.2,1962.1666666666667
1962,4,19.83,25.46,14.2,102.6,1962.25
1962,5,24.75,30.44,19.06,26.9,1962.3333333333333
1962,6,26.82,32.17,21.47,208.5,1962.4166666666667
1962,7,29.65,36.02,23.27,0,1962.5
1962,8,30.47,37.08,23.85,116.4,1962.5833333333333
1962,9,26.47,31.93,21.02,120.7,1962.6666666666667
1962,10,22.93,28.38,17.48,103.4,1962.75
1962,11,15.29,20.76,9.82,23.4,1962.8333333333333
1962,12,10.51,15.93,5.09,88.3,1962.9166666666667
1963,1,6.41,12.57,0.25,15.1,1963
1963,2,10.88,17.98,3.78,71.9,1963.0833333333333
1963,3,18.03,24.5,11.55,5.6,1963.1666666666667
1963,4,22.71,28.3,17.12,89.2,1963.25
1963,5,24.92,30.69,19.15,33.6,1963.3333333333333
1963,6,28.24,34.54,21.94,53.4,1963.4166666666667
1963,7,30.21,36.81,23.62,14.8,1963.5
1963,8,30.81,37.57,24.05,22.4,1963.5833333333333
1963,9,27.79,33.69,21.9,38.2,1963.6666666666667
1963,10,23.95,30.67,17.23,19.8,1963.75
1963,11,17,22.16,11.84,39.9,1963.8333333333333
1963,12,7.25,12.82,1.69,36.2,1963.9166666666667
1964,1,10.16,16.56,3.75,65.4,1964
1964,2,9.11,14.96,3.27,37.5,1964.0833333333333
1964,3,15.93,22.47,9.39,49.6,1964.1666666666667
1964,4,21.54,26.76,16.33,37.4,1964.25
1964,5,24.79,30.34,19.23,47.5,1964.3333333333333
1964,6,27.35,32.76,21.93,191.5,1964.4166666666667
1964,7,29.52,35.56,23.48,16.5,1964.5
1964,8,29.95,35.81,24.08,53.1,1964.5833333333333
1964,9,26.59,31.64,21.55,159.8,1964.6666666666667
1964,10,19.75,26.33,13.16,94.9,1964.75
1964,11,16.93,22.29,11.57,62.3,1964.8333333333333
1964,12,11.23,17.15,5.3,22.4,1964.9166666666667
1965,1,11.88,17.81,5.96,103.9,1965
1965,2,9.65,14.94,4.35,128.5,1965.0833333333333
1965,3,11.87,17.78,5.96,33.1,1965.1666666666667
1965,4,21.85,26.93,16.78,48.6,1965.25
1965,5,23.73,27.67,19.78,253.4,1965.3333333333333
1965,6,27.03,32.12,21.93,22.6,1965.4166666666667
1965,7,29,35.09,22.9,9.4,1965.5
1965,8,29.03,35.41,22.65,33.5,1965.5833333333333
1965,9,26.94,32.41,21.47,138.7,1965.6666666666667
1965,10,19.2,25.26,13.14,82.9,1965.75
1965,11,17.84,22.79,12.89,67.3,1965.8333333333333
1965,12,13.29,18.41,8.17,108.8,1965.9166666666667
1966,1,7.35,12.47,2.24,40.1,1966
1966,2,9.37,15.23,3.52,82,1966.0833333333333
1966,3,15.55,21.64,9.46,12.7,1966.1666666666667
1966,4,20.6,26.31,14.89,94.9,1966.25
1966,5,23.27,28.1,18.44,79.6,1966.3333333333333
1966,6,26.6,32.28,20.92,38.9,1966.4166666666667
1966,7,29.26,35.28,23.24,11.9,1966.5
1966,8,27.87,33.24,22.5,158,1966.5833333333333
1966,9,25.63,31.34,19.92,81.9,1966.6666666666667
1966,10,20.3,27.15,13.46,15.3,1966.75
1966,11,17.85,24.54,11.16,2.9,1966.8333333333333
1966,12,10.54,16.99,4.08,22.1,1966.9166666666667
1967,1,10.49,16.67,4.3,6.4,1967
1967,2,10.76,17.28,4.25,38.7,1967.0833333333333
1967,3,19.59,26.34,12.83,27.8,1967.1666666666667
1967,4,24.38,29.7,19.06,112.9,1967.25
1967,5,24.05,30.2,17.9,85,1967.3333333333333
1967,6,28.69,34.84,22.53,0,1967.4166666666667
1967,7,29.56,36.06,23.05,29.2,1967.5
1967,8,28.09,34.49,21.69,94.3,1967.5833333333333
1967,9,23.95,29.09,18.81,145.2,1967.6666666666667
1967,10,19.82,26.33,13.32,115.7,1967.75
1967,11,14.96,20.8,9.12,110.8,1967.8333333333333
1967,12,9.66,15.26,4.05,86.7,1967.9166666666667
1968,1,8.68,13.09,4.27,201.7,1968
1968,2,8.44,13.81,3.07,41.7,1968.0833333333333
1968,3,14.05,19.83,8.26,53.3,1968.1666666666667
1968,4,20.03,25.13,14.93,47.6,1968.25
1968,5,23.42,28.56,18.28,222.3,1968.3333333333333
1968,6,26.37,31.15,21.59,78.8,1968.4166666666667
1968,7,27.9,33.23,22.58,79,1968.5
1968,8,28.93,35.15,22.7,18.8,1968.5833333333333
1968,9,24.44,30.22,18.67,87,1968.6666666666667
1968,10,22.19,28.43,15.95,15.3,1968.75
1968,11,13.22,19.91,6.54,124.8,1968.8333333333333
1968,12,10.22,16.75,3.68,14.1,1968.9166666666667
1969,1,12.03,17.59,6.47,10.2,1969
1969,2,11.41,16.76,6.05,106.2,1969.0833333333333
1969,3,12.15,17.61,6.7,82.7,1969.1666666666667
1969,4,20.53,26,15.07,128.2,1969.25
1969,5,23.11,28.52,17.71,82.5,1969.3333333333333
1969,6,27.01,32.59,21.43,67.6,1969.4166666666667
1969,7,30.18,36.51,23.85,3,1969.5
1969,8,29.35,35.39,23.31,146.9,1969.5833333333333
1969,9,26.49,32.27,20.71,29.7,1969.6666666666667
1969,10,20.28,25.75,14.81,67.4,1969.75
1969,11,14.37,21.07,7.67,20.1,1969.8333333333333
1969,12,12.09,18.12,6.06,109,1969.9166666666667
1970,1,6.62,11.87,1.38,46.5,1970
1970,2,11.68,17.39,5.98,144.7,1970.0833333333333
1970,3,12.87,18.64,7.11,62.7,1970.1666666666667
1970,4,20.36,25.76,14.96,34.6,1970.25
1970,5,22.19,27.64,16.74,207.7,1970.3333333333333
1970,6,26.6,32.13,21.06,7.3,1970.4166666666667
1970,7,28.77,34.6,22.95,16.8,1970.5
1970,8,29.9,36.13,23.67,25.4,1970.5833333333333
1970,9,26.22,30.95,21.49,97,1970.6666666666667
1970,10,19.27,25.07,13.47,132.5,1970.75
1970,11,14.12,21.61,6.63,0,1970.8333333333333
1970,12,14.83,20.73,8.94,2.9,1970.9166666666667
1971,1,12.58,19.63,5.53,1,1971
1971,2,12.68,19.55,5.81,17.5,1971.0833333333333
1971,3,16.68,24.58,8.77,20.1,1971.1666666666667
1971,4,20.12,26.51,13.73,27.2,1971.25
1971,5,24.57,30.3,18.85,34.8,1971.3333333333333
1971,6,28.74,34.52,22.96,42.8,1971.4166666666667
1971,7,29.93,36.09,23.77,31.3,1971.5
1971,8,27.34,32.01,22.68,144.6,1971.5833333333333
1971,9,26.25,31.01,21.49,54.1,1971.6666666666667
1971,10,22.31,27.36,17.26,76.8,1971.75
1971,11,15.78,21.42,10.14,76.7,1971.8333333333333
1971,12,13.55,18.44,8.67,107.3,1971.9166666666667
1972,1,10.52,16.54,4.5,37.8,1972
1972,2,13.17,20.09,6.24,7.8,1972.0833333333333
1972,3,18.95,25.38,12.53,0,1972.1666666666667
1972,4,23.03,29.31,16.75,37.2,1972.25
1972,5,23.05,28.1,18.01,200.1,1972.3333333333333
1972,6,27.61,32.86,22.35,55.9,1972.4166666666667
1972,7,27.96,33.18,22.75,64.8,1972.5
1972,8,28.38,33.84,22.92,64.3,1972.5833333333333
1972,9,28.01,33.39,22.63,39.4,1972.6666666666667
1972,10,21.62,27.22,16.02,75.2,1972.75
1972,11,11.56,16.29,6.83,66.6,1972.8333333333333
1972,12,9.06,14.87,3.24,13.5,1972.9166666666667
1973,1,7.7,12.72,2.68,86.9,1973
1973,2,10.13,15.23,5.04,52,1973.0833333333333
1973,3,17.56,23.54,11.59,74.2,1973.1666666666667
1973,4,17.28,21.96,12.61,78.6,1973.25
1973,5,23.12,29.03,17.21,35,1973.3333333333333
1973,6,25.77,30.35,21.18,119.4,1973.4166666666667
1973,7,28.18,33.38,22.98,74.9,1973.5
1973,8,28.05,33.86,22.23,1.6,1973.5833333333333
1973,9,26.47,31.66,21.27,188.9,1973.6666666666667
1973,10,21.71,26.65,16.76,282.4,1973.75
1973,11,18.36,24.24,12.48,14.8,1973.8333333333333
1973,12,11.34,18.55,4.13,19.3,1973.9166666666667
1974,1,9.42,14.83,4.02,69.8,1974
1974,2,13.5,20.67,6.33,9.2,1974.0833333333333
1974,3,19.16,24.96,13.35,34.1,1974.1666666666667
1974,4,20.49,26.37,14.6,45.5,1974.25
1974,5,25.35,30.45,20.25,149.4,1974.3333333333333
1974,6,26.74,32.68,20.8,5.4,1974.4166666666667
1974,7,29.09,35.41,22.76,15.6,1974.5
1974,8,27.36,32.09,22.63,225.9,1974.5833333333333
1974,9,22.36,26.88,17.85,40.1,1974.6666666666667
1974,10,20.8,26.75,14.85,87.5,1974.75
1974,11,13.84,18.96,8.71,186.7,1974.8333333333333
1974,12,10.37,15.86,4.87,50.8,1974.9166666666667
1975,1,11.84,18.14,5.54,28.2,1975
1975,2,11.2,17.69,4.7,58.5,1975.0833333333333
1975,3,15.39,21.77,9,20.3,1975.1666666666667
1975,4,19.88,25.06,14.69,98.2,1975.25
1975,5,23.15,27.97,18.33,207.4,1975.3333333333333
1975,6,26.61,31.31,21.91,179.6,1975.4166666666667
1975,7,27.79,32.9,22.67,57.2,1975.5
1975,8,28.06,33.15,22.97,64.6,1975.5833333333333
1975,9,24.3,29.98,18.61,92,1975.6666666666667
1975,10,21.09,27.53,14.64,64.5,1975.75
1975,11,15.76,22.73,8.79,13.1,1975.8333333333333
1975,12,11.32,17.55,5.09,51.8,1975.9166666666667
1976,1,9.69,16.84,2.55,29.5,1976
1976,2,16.27,22.99,9.56,28.2,1976.0833333333333
1976,3,16.67,22.43,10.92,53.6,1976.1666666666667
1976,4,19.97,24.9,15.05,206.6,1976.25
1976,5,21.46,26.7,16.21,153.8,1976.3333333333333
1976,6,26.53,31.82,21.23,81,1976.4166666666667
1976,7,26.76,31.09,22.42,119.9,1976.5
1976,8,28.56,34.6,22.52,20.3,1976.5833333333333
1976,9,25.6,31.07,20.13,96.6,1976.6666666666667
1976,10,16.29,21.79,10.79,150.6,1976.75
1976,11,10.89,16.05,5.73,45.4,1976.8333333333333
1976,12,9.14,15.01,3.26,63,1976.9166666666667
1977,1,5.3,10.43,0.18,57.4,1977
1977,2,12.24,18.88,5.59,65.6,1977.0833333333333
1977,3,16.25,22.44,10.06,55.5,1977.1666666666667
1977,4,19.46,25.24,13.68,154.5,1977.25
1977,5,24.03,28.5,19.55,31.6,1977.3333333333333
1977,6,27.89,33.34,22.45,31,1977.4166666666667
1977,7,29.48,35.39,23.57,5.4,1977.5
1977,8,30.41,36.49,24.33,1.5,1977.5833333333333
1977,9,28.77,34.54,23,78.8,1977.6666666666667
1977,10,22.02,28.07,15.97,30.3,1977.75
1977,11,16.49,22.51,10.46,43.1,1977.8333333333333
1977,12,11.97,18.39,5.56,8.6,1977.9166666666667
1978,1,4.84,9.32,0.36,22.5,1978
1978,2,7.2,12.16,2.23,49.6,1978.0833333333333
1978,3,14.69,21.35,8.04,21.4,1978.1666666666667
1978,4,20.99,26.44,15.54,43.7,1978.25
1978,5,25.17,30.59,19.75,146.8,1978.3333333333333
1978,6,27.91,33.56,22.26,75.7,1978.4166666666667
1978,7,30.23,36.28,24.19,30.2,1978.5
1978,8,29.3,34.82,23.77,38,1978.5833333333333
1978,9,26.12,30.41,21.83,112.9,1978.6666666666667
1978,10,21,27.39,14.61,35.1,1978.75
1978,11,15.87,20.89,10.85,139.1,1978.8333333333333
1978,12,9.83,15.63,4.03,72.2,1978.9166666666667
1979,1,4.66,8.94,0.37,53.7,1979
1979,2,9.17,14.47,3.88,89.9,1979.0833333333333
1979,3,16.14,21.68,10.59,95.4,1979.1666666666667
1979,4,19.43,24.47,14.4,75.8,1979.25
1979,5,21.91,27.25,16.56,185.3,1979.3333333333333
1979,6,26.55,31.6,21.5,21,1979.4166666666667
1979,7,28.38,33.4,23.37,267.6,1979.5
1979,8,28.01,33.52,22.5,15.5,1979.5833333333333
1979,9,25.3,31.26,19.35,35.7,1979.6666666666667
1979,10,23.06,30.01,16.11,11.5,1979.75
1979,11,13.57,19.87,7.27,15,1979.8333333333333
1979,12,11.62,17.87,5.38,86.5,1979.9166666666667
1980,1,10.67,15.74,5.59,21.7,1980
1980,2,11.52,18.32,4.71,59.2,1980.0833333333333
1980,3,16.31,22.71,9.91,81.3,1980.1666666666667
1980,4,19.28,26.35,12.2,55.9,1980.25
1980,5,23.94,28.75,19.12,137.9,1980.3333333333333
1980,6,29.23,35,23.46,7.9,1980.4166666666667
1980,7,31.05,37.84,24.26,7.1,1980.5
1980,8,29.98,35.83,24.14,30,1980.5833333333333
1980,9,27.6,32.61,22.6,143.9,1980.6666666666667
1980,10,20.21,26.68,13.73,32.8,1980.75
1980,11,14.18,20.18,8.17,86.6,1980.8333333333333
1980,12,12.06,17.61,6.51,31.6,1980.9166666666667
1981,1,10.31,15.75,4.88,41,1981
1981,2,11.89,17.55,6.23,30,1981.0833333333333
1981,3,15.14,20.48,9.8,77.5,1981.1666666666667
1981,4,22.41,27.67,17.15,20.7,1981.25
1981,5,23.65,29.09,18.21,229.2,1981.3333333333333
1981,6,27.45,32,22.9,380,1981.4166666666667
1981,7,29.4,34.45,24.35,86.1,1981.5
1981,8,29.72,35.56,23.88,23.1,1981.5833333333333
1981,9,26.47,32.4,20.54,67.4,1981.6666666666667
1981,10,22.31,27.36,17.26,178.9,1981.75
1981,11,17.58,23.73,11.43,18.2,1981.8333333333333
1981,12,12.05,18.05,6.05,9.9,1981.9166666666667
1982,1,11.04,17.31,4.77,21.6,1982
1982,2,10.52,16.21,4.84,20.3,1982.0833333333333
1982,3,18.16,22.93,13.39,35.3,1982.1666666666667
1982,4,19.59,24.61,14.58,106,1982.25
1982,5,24.21,29.17,19.25,144.4,1982.3333333333333
1982,6,27.55,33.21,21.88,76,1982.4166666666667
1982,7,30.28,36.21,24.35,3.3,1982.5
1982,8,30.78,37.05,24.51,19.6,1982.5833333333333
1982,9,27.66,34.09,21.22,47.7,1982.6666666666667
1982,10,21.48,26.79,16.16,67.7,1982.75
1982,11,14.74,19.41,10.07,81.2,1982.8333333333333
1982,12,11.24,16.39,6.1,53.9,1982.9166666666667
1983,1,8.54,13.8,3.28,47.8,1983
1983,2,10.71,15.94,5.49,72.1,1983.0833333333333
1983,3,14.32,19.68,8.96,153.2,1983.1666666666667
1983,4,18.08,24.33,11.84,4.1,1983.25
1983,5,22.61,27.96,17.25,135.4,1983.3333333333333
1983,6,25.74,30.83,20.65,97.7,1983.4166666666667
1983,7,28.16,33.06,23.26,72.4,1983.5
1983,8,29.1,34.6,23.59,56.2,1983.5833333333333
1983,9,25.74,31.57,19.91,71.9,1983.6666666666667
1983,10,22.2,27.94,16.47,71.6,1983.75
1983,11,16.85,23.16,10.54,67.5,1983.8333333333333
1983,12,5.47,11.05,-0.1,13.5,1983.9166666666667
1984,1,7.92,13.09,2.75,42.3,1984
1984,2,13.05,19.88,6.22,25.4,1984.0833333333333
1984,3,17.42,23.7,11.15,63.3,1984.1666666666667
1984,4,21.7,28.92,14.48,1.6,1984.25
1984,5,25.56,32.15,18.96,32.2,1984.3333333333333
1984,6,28.08,34.13,22.03,42.9,1984.4166666666667
1984,7,29.46,36.06,22.86,36.6,1984.5
1984,8,30.01,36.79,23.23,11.5,1984.5833333333333
1984,9,24.59,30.33,18.86,20.1,1984.6666666666667
1984,10,21.34,25.8,16.87,262.7,1984.75
1984,11,14.84,20.27,9.4,47.8,1984.8333333333333
1984,12,14.67,19.6,9.75,82.2,1984.9166666666667
1985,1,6.69,12.06,1.32,34,1985
1985,2,9.84,14.66,5.02,53.4,1985.0833333333333
1985,3,17.96,22.62,13.31,46.9,1985.1666666666667
1985,4,21.1,26.46,15.74,60.8,1985.25
1985,5,24.62,30.05,19.19,41.9,1985.3333333333333
1985,6,27.04,32.09,21.98,143.3,1985.4166666666667
1985,7,28.27,33.87,22.67,39,1985.5
1985,8,30.51,37.1,23.92,9.4,1985.5833333333333
1985,9,26.24,31.78,20.71,101,1985.6666666666667
1985,10,22.06,26.68,17.45,148.4,1985.75
1985,11,17.22,21.8,12.64,120.5,1985.8333333333333
1985,12,9.48,15.5,3.46,27,1985.9166666666667
1986,1,12.21,18.35,6.06,11.5,1986
1986,2,14.19,20.24,8.15,29,1986.0833333333333
1986,3,17.59,24.63,10.55,10.5,1986.1666666666667
1986,4,22.12,27.56,16.68,37.2,1986.25
1986,5,23.18,27.83,18.54,187,1986.3333333333333
1986,6,27.47,32.36,22.57,56,1986.4166666666667
1986,7,29.94,36.5,23.38,11.4,1986.5
1986,8,29.25,35.31,23.2,30.6,1986.5833333333333
1986,9,27.79,32.18,23.41,121.4,1986.6666666666667
1986,10,20.42,25.64,15.21,202.7,1986.75
1986,11,14.96,19.89,10.03,46.3,1986.8333333333333
1986,12,10.45,14.48,6.41,146.6,1986.9166666666667
1987,1,10.52,16.03,5.01,23.4,1987
1987,2,13.01,17.7,8.31,73.1,1987.0833333333333
1987,3,14.38,20.74,8.03,34.7,1987.1666666666667
1987,4,19.64,26.76,12.52,11.5,1987.25
1987,5,24.5,29.41,19.6,171.6,1987.3333333333333
1987,6,26.74,31.29,22.2,275.6,1987.4166666666667
1987,7,28.52,33.63,23.42,87.8,1987.5
1987,8,29.64,35.23,24.05,6.9,1987.5833333333333
1987,9,25.98,31.84,20.13,127.8,1987.6666666666667
1987,10,21.06,27.53,14.59,7.9,1987.75
1987,11,15.55,21.76,9.34,78.3,1987.8333333333333
1987,12,11.8,17.37,6.24,33.3,1987.9166666666667
1988,1,8.5,14.14,2.85,6.9,1988
1988,2,11.78,17.63,5.93,8.3,1988.0833333333333
1988,3,15.78,22.15,9.41,67.6,1988.1666666666667
1988,4,20.27,27.01,13.53,51.3,1988.25
1988,5,23.7,29.55,17.85,84.7,1988.3333333333333
1988,6,26.75,32.68,20.82,66,1988.4166666666667
1988,7,29.23,35.13,23.32,70.4,1988.5
1988,8,30.36,36.71,24.01,42.4,1988.5833333333333
1988,9,27.51,33.75,21.26,36.3,1988.6666666666667
1988,10,22.5,28.86,16.13,16.7,1988.75
1988,11,18.29,24.9,11.67,8.7,1988.8333333333333
1988,12,13.05,18.63,7.46,29,1988.9166666666667
1989,1,12.95,18.19,7.71,96.4,1989
1989,2,9.22,13.71,4.72,21.8,1989.0833333333333
1989,3,16,22.5,9.5,54,1989.1666666666667
1989,4,20.64,26.27,15,61.9,1989.25
1989,5,25.7,31.16,20.24,175.4,1989.3333333333333
1989,6,27.39,32.85,21.94,78.8,1989.4166666666667
1989,7,29.84,36.43,23.26,2.3,1989.5
1989,8,29.27,35.68,22.86,69.1,1989.5833333333333
1989,9,26.27,33.21,19.32,6.9,1989.6666666666667
1989,10,22.21,29.07,15.35,55.9,1989.75
1989,11,17.03,22.67,11.39,31.9,1989.8333333333333
1989,12,6.79,13.26,0.31,3.7,1989.9166666666667
1990,1,14.4,20.34,8.46,32.6,1990
1990,2,15.14,21.18,9.09,90.3,1990.0833333333333
1990,3,16.45,21.3,11.6,52.9,1990.1666666666667
1990,4,20.97,26.38,15.56,79.2,1990.25
1990,5,25.8,31.21,20.39,92.7,1990.3333333333333
1990,6,29.93,36.2,23.65,39.4,1990.4166666666667
1990,7,28.54,34.17,22.91,79.9,1990.5
1990,8,30.04,36.69,23.4,8.5,1990.5833333333333
1990,9,27.34,33.24,21.43,44.8,1990.6666666666667
1990,10,21.09,27.94,14.25,86.1,1990.75
1990,11,17.56,23.48,11.64,98.4,1990.8333333333333
1990,12,10.71,17.19,4.23,18.5,1990.9166666666667
1991,1,8.52,13.08,3.96,233.8,1991
1991,2,13.64,18.99,8.29,75.9,1991.0833333333333
1991,3,17.48,23.77,11.19,23,1991.1666666666667
1991,4,21.88,27.31,16.44,124.9,1991.25
1991,5,24.82,29.63,20.02,101.3,1991.3333333333333
1991,6,27.49,32.9,22.08,111.9,1991.4166666666667
1991,7,28.84,34.58,23.09,29.4,1991.5
1991,8,29.51,35.68,23.35,108.7,1991.5833333333333
1991,9,25.1,30.36,19.85,57,1991.6666666666667
1991,10,22.61,29.19,16.03,77.8,1991.75
1991,11,13.74,19.72,7.75,23.1,1991.8333333333333
1991,12,12.49,16.69,8.29,359.6,1991.9166666666667
1992,1,10.33,14.64,6.03,122.9,1992
1992,2,14.93,20.14,9.71,166.7,1992.0833333333333
1992,3,17.06,22.83,11.29,138.1,1992.1666666666667
1992,4,20,25.36,14.64,48.2,1992.25
1992,5,22.84,27.97,17.7,230.1,1992.3333333333333
1992,6,27.52,32.92,22.11,126.2,1992.4166666666667
1992,7,28.8,34.06,23.55,24.4,1992.5
1992,8,27.77,33.88,21.67,49.6,1992.5833333333333
1992,9,27.11,33.19,21.02,50.3,1992.6666666666667
1992,10,22.59,29.61,15.57,35.1,1992.75
1992,11,13.8,19.58,8.01,95.6,1992.8333333333333
1992,12,12.65,17.82,7.47,83.7,1992.9166666666667
1993,1,9.92,14.92,4.91,86.4,1993
1993,2,12.46,17.5,7.43,79.9,1993.0833333333333
1993,3,16.04,21.83,10.24,53.1,1993.1666666666667
1993,4,19.04,24.97,13.11,74.8,1993.25
1993,5,23.16,28.66,17.65,134.8,1993.3333333333333
1993,6,27.42,31.86,22.97,101.4,1993.4166666666667
1993,7,29.63,34.97,24.29,0,1993.5
1993,8,30.74,37.36,24.13,19.1,1993.5833333333333
1993,9,27.64,34.39,20.89,8.7,1993.6666666666667
1993,10,21.37,27.53,15.21,61.4,1993.75
1993,11,13.13,19.37,6.88,25.4,1993.8333333333333
1993,12,12.74,17.78,7.7,29.1,1993.9166666666667
1994,1,11.23,16.45,6.02,36.4,1994
1994,2,12.96,19.17,6.75,54.1,1994.0833333333333
1994,3,17.12,23.12,11.12,43.3,1994.1666666666667
1994,4,20.73,26.96,14.5,42.8,1994.25
1994,5,23.71,28.89,18.53,93.6,1994.3333333333333
1994,6,28.95,34.87,23.03,18.8,1994.4166666666667
1994,7,30.62,37.26,23.98,6.6,1994.5
1994,8,28.74,34.57,22.91,215.9,1994.5833333333333
1994,9,25.29,31.22,19.35,144.6,1994.6666666666667
1994,10,21.86,26.91,16.8,199.5,1994.75
1994,11,17.73,22.87,12.59,46.5,1994.8333333333333
1994,12,13.15,18.26,8.03,144,1994.9166666666667
1995,1,11.99,17.59,6.38,20.5,1995
1995,2,13.43,19,7.86,36.6,1995.0833333333333
1995,3,15.92,20.86,10.97,56.3,1995.1666666666667
1995,4,19.75,25.81,13.69,78.2,1995.25
1995,5,24.55,29.53,19.56,241.2,1995.3333333333333
1995,6,26.3,31.58,21.02,69.6,1995.4166666666667
1995,7,29.14,34.91,23.38,16.3,1995.5
1995,8,29.08,34.55,23.61,145.1,1995.5833333333333
1995,9,25.92,31.46,20.39,68.5,1995.6666666666667
1995,10,21.54,28.1,14.97,36.4,1995.75
1995,11,15.01,20.63,9.39,81.9,1995.8333333333333
1995,12,12.74,17.72,7.76,12.9,1995.9166666666667
1996,1,10.28,17.31,3.24,1.6,1996
1996,2,14.25,20.7,7.79,15.8,1996.0833333333333
1996,3,13.99,20.54,7.44,15.3,1996.1666666666667
1996,4,20.32,27.85,12.79,48.3,1996.25
1996,5,26.99,32.59,21.38,46.3,1996.3333333333333
1996,6,28.03,33.77,22.29,113.9,1996.4166666666667
1996,7,30.4,36.85,23.94,3.8,1996.5
1996,8,28.8,34.49,23.11,224,1996.5833333333333
1996,9,25.35,30.45,20.25,102.3,1996.6666666666667
1996,10,21.03,26.34,15.72,19.9,1996.75
1996,11,15.8,21.54,10.06,104.8,1996.8333333333333
1996,12,12.7,18.44,6.95,55.6,1996.9166666666667
1997,1,9.35,14.65,4.06,27.3,1997
1997,2,11.69,16.03,7.36,100,1997.0833333333333
1997,3,17.12,22.32,11.91,40.2,1997.1666666666667
1997,4,17.22,22.35,12.08,142.2,1997.25
1997,5,22.46,27.15,17.78,180.3,1997.3333333333333
1997,6,26.16,30.81,21.52,227.8,1997.4166666666667
1997,7,28.8,34.24,23.36,54.1,1997.5
1997,8,28.38,33.73,23.03,59.4,1997.5833333333333
1997,9,27.49,33.54,21.44,37.1,1997.6666666666667
1997,10,21.33,26.49,16.17,137.8,1997.75
1997,11,13.6,18.37,8.83,73.9,1997.8333333333333
1997,12,10.28,16.07,4.48,108.8,1997.9166666666667
1998,1,13.58,18.95,8.2,68.2,1998
1998,2,13.05,18.35,7.74,83,1998.0833333333333
1998,3,15.27,20.88,9.66,77.9,1998.1666666666667
1998,4,19.65,25.93,13.37,19.9,1998.25
1998,5,26.59,32.88,20.3,18.5,1998.3333333333333
1998,6,30.19,36.21,24.16,39.6,1998.4166666666667
1998,7,31.08,37.33,24.82,22.8,1998.5
1998,8,29.89,35.63,24.15,35.5,1998.5833333333333
1998,9,28.27,32.93,23.6,171.5,1998.6666666666667
1998,10,22.01,26.56,17.45,314.8,1998.75
1998,11,17.08,21.67,12.49,102.7,1998.8333333333333
1998,12,11.58,16.29,6.88,39.7,1998.9166666666667
1999,1,13.06,19.59,6.54,5.2,1999
1999,2,16.82,22.94,10.7,0.8,1999.0833333333333
1999,3,16.85,22.16,11.53,104,1999.1666666666667
1999,4,22.08,27.55,16.62,20.1,1999.25
1999,5,24.68,29.77,19.59,179.7,1999.3333333333333
1999,6,27.59,31.97,23.21,85.8,1999.4166666666667
1999,7,28.44,33.76,23.11,112.8,1999.5
1999,8,31.24,38.02,24.45,17.8,1999.5833333333333
1999,9,27.44,34.25,20.63,7.2,1999.6666666666667
1999,10,21.78,28.72,14.84,42.4,1999.75
1999,11,18.01,25.11,10.91,3.8,1999.8333333333333
1999,12,13.14,19.71,6.57,29.4,1999.9166666666667
2000,1,12.96,18.67,7.25,72.4,2000
2000,2,16.73,22.84,10.62,44.6,2000.0833333333333
2000,3,19.04,24.82,13.26,29.1,2000.1666666666667
2000,4,21.29,27.06,15.52,61,2000.25
2000,5,26.17,31.62,20.72,82.6,2000.3333333333333
2000,6,27.6,32.54,22.67,133.9,2000.4166666666667
2000,7,30.37,37.44,23.31,47.5,2000.5
2000,8,30.64,37.83,23.45,3.3,2000.5833333333333
2000,9,27.51,34.72,20.3,44.7,2000.6666666666667
2000,10,21.85,26.34,17.37,153.3,2000.75
2000,11,13.28,18.04,8.52,201.9,2000.8333333333333
2000,12,7.44,12.31,2.57,73.1,2000.9166666666667
2001,1,9.12,14.19,4.05,69.2,2001
2001,2,13.43,18.65,8.21,35.8,2001.0833333333333
2001,3,12.72,17.74,7.7,139.9,2001.1666666666667
2001,4,21.54,26.43,16.65,12.8,2001.25
2001,5,24.68,30.56,18.79,83.1,2001.3333333333333
2001,6,28.14,34.02,22.26,21.6,2001.4166666666667
2001,7,30.63,37.33,23.93,8.6,2001.5
2001,8,30.11,36.39,23.83,240.9,2001.5833333333333
2001,9,25.11,30.51,19.71,43.4,2001.6666666666667
2001,10,20.06,26.18,13.95,62.5,2001.75
2001,11,17.1,22.49,11.7,254.1,2001.8333333333333
2001,12,12.09,17.36,6.82,117.5,2001.9166666666667
2002,1,11.96,18.02,5.9,43,2002
2002,2,10.64,17.38,3.89,16.8,2002.0833333333333
2002,3,15.11,21.17,9.04,31.8,2002.1666666666667
2002,4,23,28.04,17.96,19.4,2002.25
2002,5,25.57,31.52,19.63,31.8,2002.3333333333333
2002,6,28.13,34.22,22.03,143.3,2002.4166666666667
2002,7,27.98,32.57,23.38,125.4,2002.5
2002,8,29.6,35.33,23.86,59.7,2002.5833333333333
2002,9,26.53,32.05,21,82.2,2002.6666666666667
2002,10,20.85,25.25,16.45,169.7,2002.75
2002,11,13.99,20.05,7.92,77.2,2002.8333333333333
2002,12,11.77,17.31,6.22,115,2002.9166666666667
2003,1,9.79,15.25,4.34,43.2,2003
2003,2,10.66,15.32,6,98.1,2003.0833333333333
2003,3,15.59,21.38,9.79,13.9,2003.1666666666667
2003,4,21.56,27.83,15.28,2.7,2003.25
2003,5,26.7,32.27,21.12,34.9,2003.3333333333333
2003,6,27.85,33.65,22.06,115.6,2003.4166666666667
2003,7,29.29,35.02,23.55,35.9,2003.5
2003,8,29.97,36.39,23.55,74.7,2003.5833333333333
2003,9,25.81,31.21,20.4,52.8,2003.6666666666667
2003,10,22.44,28.72,16.15,26.2,2003.75
2003,11,17.6,22.89,12.3,33.5,2003.8333333333333
2003,12,12.88,19.46,6.29,12.7,2003.9166666666667
2004,1,12.47,17.47,7.47,105.4,2004
2004,2,10.97,16.06,5.89,94.8,2004.0833333333333
2004,3,19.19,24.41,13.96,58.7,2004.1666666666667
2004,4,20.18,25.17,15.19,100.9,2004.25
2004,5,24.7,29.75,19.65,84.9,2004.3333333333333
2004,6,26.52,31.39,21.65,289.8,2004.4166666666667
2004,7,28.28,33.78,22.78,21.1,2004.5
2004,8,28.44,34.48,22.41,48.4,2004.5833333333333
2004,9,26.68,32.54,20.82,39.9,2004.6666666666667
2004,10,24.39,29.43,19.36,117.4,2004.75
2004,11,15.39,20.51,10.28,358.1,2004.8333333333333
2004,12,11.36,17.45,5.28,8.4,2004.9166666666667
2005,1,12.45,17.33,7.56,57,2005
2005,2,13.23,17.53,8.92,56.3,2005.0833333333333
2005,3,15.96,22.12,9.8,109.4,2005.1666666666667
2005,4,19.77,26.22,13.31,18.4,2005.25
2005,5,23.64,29.31,17.96,79.7,2005.3333333333333
2005,6,28.6,34.56,22.64,22.6,2005.4166666666667
2005,7,29.52,35.75,23.29,69.9,2005.5
2005,8,29.79,35.9,23.68,62.1,2005.5833333333333
2005,9,29.12,35.5,22.74,36.6,2005.6666666666667
2005,10,21.56,28.06,15.07,45.3,2005.75
2005,11,18.21,24.94,11.48,8.4,2005.8333333333333
2005,12,11.16,18.08,4.25,2.3,2005.9166666666667
2006,1,14.77,21.97,7.57,45.7,2006
2006,2,12.53,18.79,6.26,22.8,2006.0833333333333
2006,3,18.74,24.59,12.89,191.6,2006.1666666666667
2006,4,23.82,30.13,17.5,73.4,2006.25
2006,5,25.13,31.47,18.79,134.3,2006.3333333333333
2006,6,28.13,34.42,21.84,80.7,2006.4166666666667
2006,7,30.04,36.08,23.99,12.2,2006.5
2006,8,31.38,38.17,24.59,5.6,2006.5833333333333
2006,9,26.78,33.19,20.37,76.2,2006.6666666666667
2006,10,22.03,28.43,15.64,99.9,2006.75
2006,11,17.72,24.17,11.28,32.8,2006.8333333333333
2006,12,12.66,18.19,7.14,106.6,2006.9166666666667
2007,1,8.62,13.18,4.07,175.7,2007
2007,2,12.49,18.77,6.21,3.5,2007.0833333333333
2007,3,18.61,23.85,13.37,151,2007.1666666666667
2007,4,18.72,23.98,13.46,57,2007.25
2007,5,24.14,28.93,19.35,178.1,2007.3333333333333
2007,6,27.18,31.94,22.42,137.4,2007.4166666666667
2007,7,27.25,31.45,23.04,249.8,2007.5
2007,8,29.46,34.7,24.22,63.5,2007.5833333333333
2007,9,27.39,32.54,22.23,100.9,2007.6666666666667
2007,10,23.31,29.91,16.7,28.8,2007.75
2007,11,17.17,22.98,11.36,29.5,2007.8333333333333
2007,12,12.59,19.68,5.5,17.1,2007.9166666666667
2008,1,10.21,16.06,4.35,21,2008
2008,2,15.21,22.91,7.51,13,2008.0833333333333
2008,3,17.38,24.1,10.66,72.8,2008.1666666666667
2008,4,20.95,27.46,14.44,89.4,2008.25
2008,5,26.5,32.55,20.46,43.1,2008.3333333333333
2008,6,30.78,37.44,24.12,18.7,2008.4166666666667
2008,7,30.33,37.3,23.35,9.6,2008.5
2008,8,30.11,36.4,23.83,60.8,2008.5833333333333
2008,9,27.01,33.72,20.3,0.6,2008.6666666666667
2008,10,21.7,28.89,14.5,51.1,2008.75
2008,11,17.06,23.65,10.48,18.4,2008.8333333333333
2008,12,11.92,18.69,5.15,10.3,2008.9166666666667
2009,1,11.97,19.39,4.55,18.9,2009
2009,2,16.09,23,9.17,37.4,2009.0833333333333
2009,3,17.66,24.12,11.2,77.2,2009.1666666666667
2009,4,20.61,26.91,14.31,72.1,2009.25
2009,5,25.79,31.64,19.93,45,2009.3333333333333
2009,6,30.32,37.26,23.37,34.3,2009.4166666666667
2009,7,31.93,38.89,24.97,6.4,2009.5
2009,8,31.72,38.72,24.72,19.6,2009.5833333333333
2009,9,25.66,30.93,20.39,174.4,2009.6666666666667
2009,10,20.42,25.61,15.24,174.6,2009.75
2009,11,16.2,22.05,10.36,71.2,2009.8333333333333
2009,12,8.64,13.57,3.71,66.4,2009.9166666666667
2010,1,9.33,14.99,3.68,83.6,2010
2010,2,8.5,13.59,3.4,78.1,2010.0833333333333
2010,3,15.02,21.64,8.41,84.3,2010.1666666666667
2010,4,20.37,26,14.74,54.1,2010.25
2010,5,25.9,31.71,20.09,47.8,2010.3333333333333
2010,6,28.94,33.99,23.89,150.6,2010.4166666666667
2010,7,29.17,34.03,24.31,85.8,2010.5
2010,8,31.48,38.14,24.83,0,2010.5833333333333
2010,9,27.06,32.3,21.81,335.4,2010.6666666666667
2010,10,21.82,28.9,14.73,2.1,2010.75
2010,11,16.8,23.14,10.46,17.3,2010.8333333333333
2010,12,12.31,18.49,6.13,20,2010.9166666666667
2011,1,9.83,15.56,4.1,74.1,2011
2011,2,12.8,19.51,6.09,12.2,2011.0833333333333
2011,3,19.21,25.77,12.65,2.4,2011.1666666666667
2011,4,24.51,31.5,17.52,6.9,2011.25
2011,5,25.58,32.06,19.1,92.7,2011.3333333333333
2011,6,30.6,37.73,23.46,51,2011.4166666666667
2011,7,32.03,38.96,25.11,1.3,2011.5
2011,8,33.15,40.46,25.85,0,2011.5833333333333
2011,9,29.12,37.06,21.18,4.6,2011.6666666666667
2011,10,22.06,29.05,15.07,55.6,2011.75
2011,11,16.63,22.89,10.38,74.1,2011.8333333333333
2011,12,11.23,15.99,6.47,125.2,2011.9166666666667
2012,1,12.82,19.34,6.3,119.5,2012
2012,2,14.13,19.29,8.97,77.4,2012.0833333333333
2012,3,18.97,24.45,13.49,139,2012.1666666666667
2012,4,23.22,29.51,16.93,5.5,2012.25
2012,5,25.44,31.07,19.81,138.6,2012.3333333333333
2012,6,29.56,35.99,23.12,1.7,2012.4166666666667
2012,7,29.55,35.68,23.42,148,2012.5
2012,8,30.62,37.2,24.04,31.8,2012.5833333333333
2012,9,26.65,32.81,20.5,144.9,2012.6666666666667
2012,10,21.2,27,15.39,24.3,2012.75
2012,11,17.87,24.76,10.99,0,2012.8333333333333
2012,12,14.08,20.49,7.68,8,2012.9166666666667
2013,1,12.01,17.97,6.04,73.2,2013
2013,2,14.98,21.51,8.46,9.7,2013.0833333333333
2013,3,17.11,24.26,9.95,29.8,2013.1666666666667
2013,4,19.42,25.65,13.18,81.7,2013.25
2013,5,24.29,30.5,18.07,153.2,2013.3333333333333
2013,6,29.57,36.01,23.13,23.4,2013.4166666666667
2013,7,29.87,36.26,23.49,74,2013.5
2013,8,31.17,38.19,24.15,6.9,2013.5833333333333
2013,9,28.61,34.96,22.26,147.9,2013.6666666666667
2013,10,21.92,27.75,16.09,337.4,2013.75
2013,11,14.38,19.68,9.08,87.2,2013.8333333333333
2013,12,10.09,15.95,4.22,18.3,2013.9166666666667
2014,1,10.35,17.56,3.15,11.5,2014
2014,2,12.73,19.14,6.31,9.6,2014.0833333333333
2014,3,14.92,21.45,8.4,32.3,2014.1666666666667
2014,4,20.67,26.58,14.75,48.1,2014.25
2014,5,23.65,29.68,17.62,180.1,2014.3333333333333
2014,6,27.79,32.76,22.81,78.3,2014.4166666666667
2014,7,29.11,35.12,23.09,141.8,2014.5
2014,8,30.63,37.23,24.03,3.1,2014.5833333333333
2014,9,27.01,32.5,21.52,177.4,2014.6666666666667
2014,10,23.59,29.38,17.79,47.1,2014.75
2014,11,13.16,18.88,7.44,146.9,2014.8333333333333
2014,12,12.8,17.09,8.51,27,2014.9166666666667
2015,1,9.26,14.62,3.89,127.6,2015
2015,2,10.72,16.48,4.96,12.8,2015.0833333333333
2015,3,15.7,21.08,10.31,122.7,2015.1666666666667
2015,4,21.77,27,16.53,58.7,2015.25
2015,5,23.99,28.57,19.41,446.7,2015.3333333333333
2015,6,27.25,32.35,22.14,225.8,2015.4166666666667
2015,7,29.76,35.38,24.15,0,2015.5
2015,8,30.77,37.38,24.16,8.9,2015.5833333333333
2015,9,28.56,35.06,22.05,48.1,2015.6666666666667
2015,10,23.66,30.11,17.22,301,2015.75
2015,11,16.36,21.25,11.46,95,2015.8333333333333
2015,12,13.94,20.25,7.63,76.2,2015.9166666666667
2016,1,11.05,17.2,4.89,8.7,2016
2016,2,15.44,22.04,8.83,34.1,2016.0833333333333
2016,3,18.92,24.75,13.09,89.3,2016.1666666666667
2016,4,21.12,26.98,15.27,180.8,2016.25
2016,5,23.43,28.45,18.42,181.9,2016.3333333333333
2016,6,28.36,33.81,22.9,66.2,2016.4166666666667
2016,7,31.12,37.18,25.05,49.2,2016.5
2016,8,29.1,34.21,23.98,176,2016.5833333333333
2016,9,28.05,33.57,22.53,53.3,2016.6666666666667
2016,10,24.25,30.7,17.79,4.3,2016.75
2016,11,18.7,24.2,13.19,79,2016.8333333333333
2016,12,12.81,17.52,8.09,64.6,2016.9166666666667
2017,1,13.72,19.93,7.51,105,2017
2017,2,18.06,24.19,11.93,53,2017.0833333333333
2017,3,20.31,25.87,14.74,63.1,2017.1666666666667
2017,4,22.07,28.19,15.94,31,2017.25
2017,5,24.63,31.14,18.12,72.6,2017.3333333333333
2017,6,28.9,34.66,23.13,77.6,2017.4166666666667
2017,7,31.63,38.55,24.7,5.9,2017.5
2017,8,29.61,35.3,23.93,265.1,2017.5833333333333
2017,9,26.63,32.26,21,51.5,2017.6666666666667
2017,10,21.63,28.02,15.24,44.8,2017.75
2017,11,19.02,24.74,13.3,3,2017.8333333333333
2017,12,11.33,16.8,5.86,109.6,2017.9166666666667
2018,1,9.89,16.01,3.77,7.2,2018
2018,2,13.42,18.04,8.8,43.5,2018.0833333333333
2018,3,19.45,25.57,13.33,95,2018.1666666666667
2018,4,19.69,26.44,12.94,12,2018.25
2018,5,27.01,32.81,21.2,116.1,2018.3333333333333
2018,6,30.28,36.04,24.52,54.3,2018.4166666666667
2018,7,30.9,37.37,24.42,102.2,2018.5
2018,8,31.51,38.25,24.78,8.4,2018.5833333333333
2018,9,26.96,31.5,22.42,202.1,2018.6666666666667
2018,10,21.13,25.63,16.63,196.8,2018.75
2018,11,13.76,19.5,8.02,44,2018.8333333333333
2018,12,11.78,16.95,6.62,148.4,2018.9166666666667
2019,1,10.88,16.4,5.36,86.1,2019
2019,2,13.52,18.17,8.87,15,2019.0833333333333
2019,3,15.78,21.38,10.17,10.4,2019.1666666666667
2019,4,20.81,26.98,14.65,185,2019.25
2019,5,24.85,29.55,20.15,191.1,2019.3333333333333
2019,6,27.91,33.53,22.28,113.1,2019.4166666666667
2019,7,30.26,36.33,24.2,10,2019.5
2019,8,32.19,38.69,25.69,38.4,2019.5833333333333
2019,9,31.08,37.67,24.5,16.2,2019.6666666666667
2019,10,22.08,28.73,15.43,106.5,2019.75
2019,11,14.95,21.57,8.32,16.7,2019.8333333333333
2019,12,13.25,20.02,6.47,21.1,2019.9166666666667
2020,1,14.16,19.68,8.64,60.6,2020
2020,2,12.79,18.9,6.69,58.3,2020.0833333333333
2020,3,20.39,25.46,15.32,102,2020.1666666666667
2020,4,20.74,26.96,14.52,73.1,2020.25
2020,5,25.41,31.72,19.1,199.1,2020.3333333333333
2020,6,28.46,34.18,22.74,67.9,2020.4166666666667
2020,7,31.62,37.94,25.31,16.5,2020.5
2020,8,31.94,39.18,24.69,31.8,2020.5833333333333
2020,9,25.68,30.79,20.57,151.5,2020.6666666666667
2020,10,22.09,29.02,15.16,8.9,2020.75
2020,11,19.05,25.72,12.37,18.5,2020.8333333333333
2020,12,12.73,19.91,5.56,103.4,2020.9166666666667
2021,1,12,18.49,5.51,41.6,2021
2021,2,9.08,14.74,3.43,48.5,2021.0833333333333
2021,3,18.23,24.65,11.81,28.3,2021.1666666666667
2021,4,20.61,26.32,14.9,87.2,2021.25
2021,5,23.94,28.95,18.94,183.7,2021.3333333333333
2021,6,28.64,33.82,23.47,91.1,2021.4166666666667
2021,7,28.94,34.08,23.79,102.9,2021.5
2021,8,29.97,35.46,24.48,91.5,2021.5833333333333
2021,9,28.28,35.26,21.3,45.5,2021.6666666666667
2021,10,23.49,29.81,17.16,134.5,2021.75
2021,11,16.46,22.86,10.06,60.9,2021.8333333333333
2021,12,18.4,23.91,12.89,43.1,2021.9166666666667
2022,1,10.04,16.53,3.55,56.1,2022
2022,2,9.99,17.13,2.85,73.7,2022.0833333333333
2022,3,16.86,24.56,9.17,25.2,2022.1666666666667
2022,4,23.18,29.21,17.15,43.8,2022.25
2022,5,27.94,34.62,21.26,51.7,2022.3333333333333
2022,6,30.92,37.98,23.86,57.9,2022.4166666666667
2022,7,32.57,39.9,25.24,0,2022.5
2022,8,31.1,37.57,24.62,145.4,2022.5833333333333
2022,9,28.15,34.75,21.55,12,2022.6666666666667
2022,10,22.39,29.62,15.16,55.3,2022.75
2022,11,15.12,19.73,10.52,105.3,2022.8333333333333
2022,12,12.8,18.13,7.48,49.8,2022.9166666666667
2023,1,13.67,19.81,7.54,32,2023
2023,2,13.72,20.38,7.07,45.3,2023.0833333333333
2023,3,18.78,24.8,12.76,41.7,2023.1666666666667
2023,4,20.27,26.13,14.41,106.2,2023.25
2023,5,24.97,30.37,19.57,109.3,2023.3333333333333
2023,6,30.2,36.59,23.8,29.4,2023.4166666666667
2023,7,32.65,39.7,25.61,1.1,2023.5
2023,8,32.85,40.51,25.2,2.8,2023.5833333333333
2023,9,29.94,36.59,23.29,40.1,2023.6666666666667
2023,10,22.27,28.19,16.35,181.7,2023.75
2023,11,15.25,20.14,10.36,30.7,2023.8333333333333
2023,12,13.21,19.37,7.05,61.5,2023.9166666666667
2024,1,8.73,14.47,3,154.1,2024
2024,2,15.95,21.72,10.17,25.2,2024.0833333333333
2024,3,18.73,24.18,13.29,34,2024.1666666666667
2024,4,22.09,27.49,16.68,88.3,2024.25
2024,5,26.65,31.55,21.75,157.4,2024.3333333333333
